{
  "v1_baseline": {
    "DS2_macro_f1_4": 0.5725255818704473,
    "DS2_macro_f1_3": 0.7642556121732559,
    "DS2_N_recall": 0.9445712864796437,
    "DS2_S_recall": 0.40174197060424605,
    "DS2_V_recall": 0.9267080745341615,
    "DS2_F_recall": 0.023195876288659795,
    "DS2_F_F1": 0.009302325581395349,
    "DS2_S_F1": 0.4439097744360902,
    "CinC_N_recall_beat": 0.5923953615687055,
    "CinC_record_N_dom": 0.8525,
    "NSTDB_6dB": 0.5565597008802543,
    "ECE_after": 0.038756654687460666,
    "targets_passed": 2
  },
  "v2_cincaug": {
    "DS2_macro_f1_4": 0.5540256790223691,
    "DS2_macro_f1_3": 0.7411627358701115,
    "DS2_N_recall": 0.8980717498926238,
    "DS2_S_recall": 0.6924333151878062,
    "DS2_V_recall": 0.9633540372670808,
    "DS2_F_recall": 0.005154639175257732,
    "DS2_F_F1": 0.0024316109422492403,
    "DS2_S_F1": 0.4456902592852137,
    "CinC_N_recall_beat": 0.6098143632110685,
    "CinC_record_N_dom": 0.915,
    "NSTDB_6dB": 0.5336673014044536,
    "ECE_after": 0.06604472636639037,
    "targets_passed": 2
  },
  "v2_ensemble_600": {
    "DS2_macro_f1_4": 0.5925654119357322,
    "DS2_macro_f1_3": 0.791716322430788,
    "DS2_N_recall": 0.921988380767231,
    "DS2_S_recall": 0.7827980402830702,
    "DS2_V_recall": 0.9586956521739131,
    "DS2_F_recall": 0.005154639175257732,
    "DS2_F_F1": 0.00353045013239188,
    "DS2_S_F1": 0.48845108695652173,
    "CinC_N_recall_beat": 0.6353456427611606,
    "CinC_record_N_dom": 0.935,
    "NSTDB_6dB": 0.5768706672685265,
    "ECE_after": 0.030259209053560825,
    "targets_passed": 4
  },
  "v2_ensemble_full": {
    "DS2_macro_f1_4": 0.5915282813388096,
    "DS2_macro_f1_3": 0.7898779530790421,
    "DS2_N_recall": 0.8931663539570948,
    "DS2_S_recall": 0.9221556886227545,
    "DS2_V_recall": 0.95,
    "DS2_F_recall": 0.015463917525773196,
    "DS2_F_F1": 0.0070880094506792675,
    "DS2_S_F1": 0.4971386647101981,
    "CinC_N_recall_beat": 0.6611257651918578,
    "CinC_record_N_dom": 0.98,
    "NSTDB_6dB": 0.5658790372729227,
    "ECE_after": 0.02855408169965919,
    "targets_passed": 4
  },
  "v2_ensemble_ssl": {
    "DS2_macro_f1_4": 0.6004375475488699,
    "DS2_macro_f1_3": 0.8021176974578464,
    "DS2_N_recall": 0.8949295838325384,
    "DS2_S_recall": 0.8835057158410452,
    "DS2_V_recall": 0.9440993788819876,
    "DS2_F_recall": 0.010309278350515464,
    "DS2_F_F1": 0.0035072336694432268,
    "DS2_S_F1": 0.5296997389033943,
    "CinC_N_recall_beat": 0.6772507838550739,
    "CinC_record_N_dom": 0.9875,
    "NSTDB_6dB": 0.5602254267158121,
    "ECE_after": 0.027601035845020074,
    "targets_passed": 5
  },
  "v2_ensemble_ssl_incart116": {
    "DS2_macro_f1_4": 0.5598479335439888,
    "DS2_macro_f1_3": 0.7442400954166413,
    "DS2_N_recall": 0.8337364649501549,
    "DS2_S_recall": 0.8258029395753946,
    "DS2_V_recall": 0.9409937888198758,
    "DS2_F_recall": 0.09020618556701031,
    "DS2_F_F1": 0.01696147322510298,
    "DS2_S_F1": 0.45189156985403633,
    "CinC_N_recall_beat": 0.6525655700990395,
    "CinC_record_N_dom": 0.965,
    "NSTDB_6dB": 0.5096348725044355,
    "ECE_after": 0.05125667552977079,
    "targets_passed": 3
  },
  "v2_ensemble_ssl_incart219": {
    "DS2_macro_f1_4": 0.5732269104330948,
    "DS2_macro_f1_3": 0.7657956584768026,
    "DS2_N_recall": 0.8270000226055112,
    "DS2_S_recall": 0.8361458900381056,
    "DS2_V_recall": 0.9422360248447205,
    "DS2_F_recall": 0.01804123711340206,
    "DS2_F_F1": 0.002725326065797158,
    "DS2_S_F1": 0.5197969543147208,
    "CinC_N_recall_beat": 0.6657542427711143,
    "CinC_record_N_dom": 0.9775,
    "NSTDB_6dB": 0.525550128497111,
    "ECE_after": 0.09126999493641705,
    "targets_passed": 3
  }
}