{
  "split": {
    "train_subjects": [
      "S01",
      "S02",
      "S04",
      "S05",
      "S06",
      "S11",
      "S13",
      "S14",
      "S15"
    ],
    "val_subjects": [
      "S03",
      "S12"
    ],
    "test_subjects": [
      "S09",
      "S10"
    ],
    "seed": 42
  },
  "n_train": 1733,
  "n_val": 405,
  "n_test": 377,
  "best_val_auc": 0.9897737556561086,
  "chosen_threshold": 0.27,
  "val_metrics_at_chosen_threshold": {
    "auc": 0.9897737556561086,
    "accuracy": 0.9654320987654321,
    "precision": 0.9322033898305084,
    "recall": 0.8461538461538461,
    "f1": 0.8870967741935484,
    "fpr": 0.011764705882352941,
    "tp": 55,
    "fp": 4,
    "fn": 10,
    "tn": 336,
    "n": 405
  },
  "test_metrics_at_chosen_threshold": {
    "auc": 0.9867879394748553,
    "accuracy": 0.946949602122016,
    "precision": 0.7727272727272727,
    "recall": 0.9107142857142857,
    "f1": 0.8360655737704918,
    "fpr": 0.04672897196261682,
    "tp": 51,
    "fp": 15,
    "fn": 5,
    "tn": 306,
    "n": 377
  },
  "epochs": 80,
  "aug_factor": 4
}