{
  "method": "honest_loso",
  "epochs_per_fold": 60,
  "aug_factor": 4,
  "n_subjects": 13,
  "n_folds": 9,
  "macro_auc": 0.9708433064078521,
  "macro_recall": 0.830100960870126,
  "macro_precision": 0.904897449721441,
  "macro_f1": 0.8613876577212453,
  "macro_fpr": 0.03491451230670495,
  "pooled_auc": 0.9681155816112009,
  "total_time_sec": 1600.1640963554382,
  "folds": [
    {
      "test_subject": "S01",
      "val_subjects": [
        "S02",
        "S03"
      ],
      "n_train": 1798,
      "n_val": 481,
      "n_test": 236,
      "n_falls_test": 73,
      "n_adls_test": 163,
      "best_val_auc": 0.9666435826408125,
      "chosen_threshold": 0.27,
      "test_auc": 0.9848726783763342,
      "test_accuracy": 0.940677966101695,
      "test_precision": 0.9836065573770492,
      "test_recall": 0.821917808219178,
      "test_f1": 0.8955223880597015,
      "test_fpr": 0.006134969325153374,
      "tp": 60,
      "fp": 1,
      "fn": 13,
      "tn": 162,
      "elapsed_sec": 201.41964387893677
    },
    {
      "test_subject": "S02",
      "val_subjects": [
        "S03",
        "S05"
      ],
      "n_train": 1818,
      "n_val": 458,
      "n_test": 239,
      "n_falls_test": 55,
      "n_adls_test": 184,
      "best_val_auc": 0.9786764705882351,
      "chosen_threshold": 0.05,
      "test_auc": 0.925790513833992,
      "test_accuracy": 0.895397489539749,
      "test_precision": 0.875,
      "test_recall": 0.6363636363636364,
      "test_f1": 0.7368421052631579,
      "test_fpr": 0.02717391304347826,
      "tp": 35,
      "fp": 5,
      "fn": 20,
      "tn": 179,
      "elapsed_sec": 183.0513880252838
    },
    {
      "test_subject": "S03",
      "val_subjects": [
        "S05",
        "S06"
      ],
      "n_train": 1823,
      "n_val": 450,
      "n_test": 242,
      "n_falls_test": 65,
      "n_adls_test": 177,
      "best_val_auc": 0.9496833564219276,
      "chosen_threshold": 0.6400000000000001,
      "test_auc": 0.9617992177314212,
      "test_accuracy": 0.9090909090909091,
      "test_precision": 0.9056603773584906,
      "test_recall": 0.7384615384615385,
      "test_f1": 0.8135593220338984,
      "test_fpr": 0.02824858757062147,
      "tp": 48,
      "fp": 5,
      "fn": 17,
      "tn": 172,
      "elapsed_sec": 126.66310214996338
    },
    {
      "test_subject": "S05",
      "val_subjects": [
        "S06",
        "S09"
      ],
      "n_train": 1847,
      "n_val": 452,
      "n_test": 216,
      "n_falls_test": 53,
      "n_adls_test": 163,
      "best_val_auc": 0.975869170199879,
      "chosen_threshold": 0.9000000000000002,
      "test_auc": 0.9679361037157079,
      "test_accuracy": 0.9074074074074074,
      "test_precision": 0.7894736842105263,
      "test_recall": 0.8490566037735849,
      "test_f1": 0.8181818181818182,
      "test_fpr": 0.0736196319018405,
      "tp": 45,
      "fp": 12,
      "fn": 8,
      "tn": 151,
      "elapsed_sec": 66.70512247085571
    },
    {
      "test_subject": "S06",
      "val_subjects": [
        "S09",
        "S13"
      ],
      "n_train": 1924,
      "n_val": 357,
      "n_test": 234,
      "n_falls_test": 71,
      "n_adls_test": 163,
      "best_val_auc": 0.9939803326900101,
      "chosen_threshold": 0.8800000000000002,
      "test_auc": 0.9649183444223624,
      "test_accuracy": 0.9273504273504274,
      "test_precision": 0.9354838709677419,
      "test_recall": 0.8169014084507042,
      "test_f1": 0.8721804511278195,
      "test_fpr": 0.024539877300613498,
      "tp": 58,
      "fp": 4,
      "fn": 13,
      "tn": 159,
      "elapsed_sec": 213.10487294197083
    },
    {
      "test_subject": "S09",
      "val_subjects": [
        "S13",
        "S14"
      ],
      "n_train": 1933,
      "n_val": 364,
      "n_test": 218,
      "n_falls_test": 56,
      "n_adls_test": 162,
      "best_val_auc": 0.9953231292517006,
      "chosen_threshold": 0.05,
      "test_auc": 0.9821428571428572,
      "test_accuracy": 0.9128440366972477,
      "test_precision": 0.7681159420289855,
      "test_recall": 0.9464285714285714,
      "test_f1": 0.848,
      "test_fpr": 0.09876543209876543,
      "tp": 53,
      "fp": 16,
      "fn": 3,
      "tn": 146,
      "elapsed_sec": 220.767982006073
    },
    {
      "test_subject": "S13",
      "val_subjects": [
        "S14",
        "S15"
      ],
      "n_train": 1970,
      "n_val": 406,
      "n_test": 139,
      "n_falls_test": 22,
      "n_adls_test": 117,
      "best_val_auc": 0.9628765737410072,
      "chosen_threshold": 0.22000000000000003,
      "test_auc": 0.9941724941724942,
      "test_accuracy": 0.9784172661870504,
      "test_precision": 1.0,
      "test_recall": 0.8636363636363636,
      "test_f1": 0.926829268292683,
      "test_fpr": 0.0,
      "tp": 19,
      "fp": 0,
      "fn": 3,
      "tn": 117,
      "elapsed_sec": 165.21585059165955
    },
    {
      "test_subject": "S14",
      "val_subjects": [
        "S15",
        "S01"
      ],
      "n_train": 1873,
      "n_val": 417,
      "n_test": 225,
      "n_falls_test": 62,
      "n_adls_test": 163,
      "best_val_auc": 0.9672377206148749,
      "chosen_threshold": 0.4600000000000001,
      "test_auc": 0.9969325153374233,
      "test_accuracy": 0.9688888888888889,
      "test_precision": 0.9661016949152542,
      "test_recall": 0.9193548387096774,
      "test_f1": 0.9421487603305785,
      "test_fpr": 0.012269938650306749,
      "tp": 57,
      "fp": 2,
      "fn": 5,
      "tn": 161,
      "elapsed_sec": 213.71794962882996
    },
    {
      "test_subject": "S15",
      "val_subjects": [
        "S01",
        "S02"
      ],
      "n_train": 1859,
      "n_val": 475,
      "n_test": 181,
      "n_falls_test": 66,
      "n_adls_test": 115,
      "best_val_auc": 0.975414265129683,
      "chosen_threshold": 0.05,
      "test_auc": 0.9590250329380764,
      "test_accuracy": 0.9281767955801105,
      "test_precision": 0.9206349206349206,
      "test_recall": 0.8787878787878788,
      "test_f1": 0.8992248062015504,
      "test_fpr": 0.043478260869565216,
      "tp": 58,
      "fp": 5,
      "fn": 8,
      "tn": 110,
      "elapsed_sec": 209.4582598209381
    }
  ]
}